IP地址,端口,TLS,数据中心,地区,城市,网络延迟,下载速度
154.17.26.175,8443,true,LAX,North America,Los Angeles,194 ms,7220 kB/s
154.17.2.49,26558,true,LAX,North America,Los Angeles,196 ms,6238 kB/s
154.17.4.191,35378,true,LAX,North America,Los Angeles,191 ms,5631 kB/s
154.17.26.175,3283,true,LAX,North America,Los Angeles,192 ms,5588 kB/s
154.17.4.180,45956,true,LAX,North America,Los Angeles,191 ms,5118 kB/s
154.17.4.180,45929,true,LAX,North America,Los Angeles,187 ms,4801 kB/s
154.17.4.180,17288,true,LAX,North America,Los Angeles,190 ms,4757 kB/s
154.17.21.134,18446,true,LAX,North America,Los Angeles,195 ms,3800 kB/s
154.17.19.203,32826,true,LAX,North America,Los Angeles,198 ms,2847 kB/s
65.75.193.21,37813,true,SJC,North America,San Jose,191 ms,1610 kB/s
65.75.195.188,50795,true,SJC,North America,San Jose,189 ms,27 kB/s
